country,total_national_populations,total_available_military_manpower,total_manpower_fir_for_military_service,total_population_reaching_military_age_annually,active_service_military_manpower,active_service_reserve_components,active_paramilitary_force_strength,total_military_aircraft_strength,total_fighter/interceptor_aircraft_strength,total_attack_aircraft_strength,total_military_transport_aircraft_strength,total_military_trainer_aircraft_strength,special_mission_aircraft_fleets,aerial_tanker_aircraft_fleet_strength,total_helicopter_strength,total_attack_helicopter_strength,total_combat_tank_strength,total_armored_fighting_vehicle_strength,total_self_propelled_artillery_strength,total_towed_artillery_strength,total_rocket_launcher_vehicle_strength,navy_strength,aircraft_carrier_strength,helicopter_carrier_strength,navy_submarine_strength,destroyer_warship_strength,navy_frigate_warship_strength,navy_corvette_warship_strength,navy_patrol_craft_strength,navy_mine_warfare_craft_strength,national_annual_defense_budgets,national_external_debts,purchasing_power_parities,national_reserves_of_foreign_exchange_and_gold,total_number_of_serviceable_airports,total_labor_force_strength,major_ports_and_terminals_totals,total_merchant_marine_strength,country_railway_coverage_totals,country_roadway_coverage_totals,oil_production_figures,oil_consumption_figures,total_proven_oil_reserves,natural_gas_production_figures,natural_gas_consumption_figures,total_proven_natural_gas_reserves,coal_production_figures,coal_consumption_figures,total_proven_coal_reserves,square_land_area,coastline_distances,total_shared_borders_by_countries,total_waterway_coverage_by_countries,country_code,capital_city,capital_city_population,rank,pwr_index
Afghanistan,39232003,15300481,8631041,823872,0,0,80000,17,0,0,0,0,0,0,11,2,0,6555,0,0,0,0,0,0,0,0,0,0,0,0,1100000000,145000000,60803000000,8500000000,46,9390000,2,0,0,34903,0,25000,0,80193000.0,80193000.0,49554000000.0,2096000.0,2096000,66000000.0,652230,0,5987,1200,AFG,Kabul,"4,435,000",115,2.2715
Albania,3101621,1519794,1290274,62032,6600,2000,500,19,0,0,0,0,0,0,19,0,40,976,0,0,0,19,0,0,0,0,0,0,19,0,386000000,10000000000,40822000000,5635000000,3,1378000,4,69,424,3945,16100,26500,150000000,42050000.0,42050000.0,5692000000.0,9000.0,119000,522000000.0,28748,362,691,41,ALB,Tirana,"512,000",90,1.8188
Algeria,44758398,21484031,18261426,716134,325000,135000,150000,605,102,42,61,87,10,5,298,75,1632,35990,224,483,236,213,0,0,6,0,8,16,75,3,21600000000,6000000000,487716000000,56211000000,149,12312000,12,119,4020,104000,1415000,450500,12200000000,87853976000.0,46945035000.0,4503900000000.0,0.0,85000,59000000.0,2381740,998,6734,0,DZA,Algiers,"2,854,000",26,0.3589
Angola,35981281,7196256,3598128,359813,107000,0,10000,297,57,26,30,66,2,0,116,15,310,5500,28,552,123,40,0,0,0,0,0,0,38,2,1623000000,45000000000,203868000000,14468000000,102,14462000,6,58,2761,26000,1200000,135000,7785000000,6767715000.0,860887000.0,343001000000.0,0.0,0,0.0,1246700,1600,5369,1300,AGO,Luanda,"8,952,000",55,0.8702
Argentina,46621847,20513613,17436571,699328,108000,0,20000,229,24,10,22,69,12,2,90,0,348,21724,50,172,26,41,0,0,2,4,0,9,13,0,2544000000,280000000000,986134000000,39653000000,916,21206000,10,203,17866,281290,700000,700000,2483000000,41194148000.0,49476585000.0,396464000000.0,829000.0,1550000,500000000.0,2780400,4989,11968,11000,ARG,Buenos Aires,"15,370,000",28,0.3823
Armenia,2989091,1673891,1371993,44836,57500,210000,5000,64,4,10,2,10,0,0,36,20,221,736,37,145,100,0,0,0,0,0,0,0,0,0,1380000000,12000000000,39613000000,3230000000,7,1153000,0,0,686,7700,0,11000,0,0.0,2537497000.0,0.0,0.0,12000,163000000.0,29743,0,1570,0,ARM,Yerevan,"1,092,000",102,2.0583
Australia,26461166,11113690,9102641,291073,57350,32050,0,325,24,60,38,101,32,6,79,22,59,16162,0,48,0,43,0,2,6,3,8,0,4,4,52559000000,3115913000000,1279000000000,57878000000,418,13786000,29,587,36064,873573,445000,1175000,2446000000,142104321000.0,41905381000.0,3228115000000.0,504051000.0,99048000,149079000000.0,7741220,25760,0,2000,AUS,Canberra,"467,000",16,0.2515
Austria,8940860,4023387,3621048,98349,16000,125600,0,104,15,0,11,16,0,0,66,0,58,848,53,0,0,0,0,0,0,0,0,0,0,0,5666193750,700000000000,484698000000,33957000000,50,4661000,4,1,6123,137039,20000,280000,35200000,924515000.0,9207632000.0,5040000000.0,1327000.0,4899000,0.0,83871,0,2524,358,AUT,Vienna,"1,960,000",71,1.2351
Azerbaijan,10420515,5106052,3824329,156308,126400,300000,15000,144,12,11,2,33,0,0,86,16,920,29312,294,300,218,24,0,0,4,0,1,0,15,7,3770000000,20000000000,146305000000,8307000000,23,4919000,1,309,2944,24981,712000,110000,7000000000,23075000000.0,11468000000.0,1699000000000.0,0.0,19000,0.0,86600,713,2468,0,AZE,Baku,"2,401,000",59,0.9934
Bahrain,1553886,839098,714788,17093,18400,110000,1500,120,18,0,3,40,0,0,74,28,180,2598,38,26,17,58,0,0,0,0,1,2,50,0,1538800000,55000000000,72267000000,4993000000,4,819100,2,190,0,4122,185000,75000,186500000,18271840000.0,18251140000.0,81382000000.0,0.0,0,0.0,760,161,0,0,BHR,Manama,"689,000",86,1.7163
Bangladesh,167184465,81920388,65536310,3176505,163000,0,6800000,216,44,0,16,87,4,0,73,0,320,13100,27,437,71,117,0,0,2,0,7,6,55,5,6995040000,50300000000,1001000000000,46166000000,18,70961000,3,511,2460,369105,14000,125000,30000000,28629927000.0,31268968000.0,126293000000.0,1016000.0,9345000,293000000.0,148460,580,4413,8370,BGD,Dhaka,"22,478,000",37,0.5419
Belarus,9383853,4973442,3678470,103222,63000,145000,55000,183,37,51,4,27,0,0,64,25,517,6700,369,170,206,0,0,0,0,0,0,0,0,0,903900000,40000000000,184482000000,8425000000,65,4950000,1,4,5528,86600,35000,135000,200000000,68951000.0,18639590000.0,2832000000.0,0.0,621000,0.0,207600,0,3599,2500,BLR,Minsk,"2,049,000",64,1.0901
Belgium,11913633,4884590,3860017,119136,25000,6400,0,110,45,0,6,39,0,0,20,0,0,4606,0,0,0,9,0,0,0,0,2,0,2,5,11427262000,1317513000000,599814000000,41872000000,41,5240000,8,199,3602,118414,12000,645000,0,0.0,18171598000.0,0.0,1105000.0,4167000,0.0,30528,67,1297,2043,BEL,Brussels,"2,110,000",70,1.2064
Beliz,419137,159272,90953,8802,1650,850,0,2,0,0,1,0,1,0,1,0,0,130,0,0,0,8,0,0,0,0,0,0,8,0,20000000,1320000000,3505000000,420102800,47,176900,2,817,0,3281,1300,4000,6700000,0.0,0.0,0.0,0.0,0,0.0,22966,386,542,825,BLZ,Belmopan,"25,000",139,3.6437
Benin,14219908,5403565,3085720,298618,4750,0,0,3,0,0,1,0,0,0,2,0,0,150,0,0,0,7,0,0,0,0,0,0,7,0,75000000,2805000000,43170000000,698900000,6,5295000,1,7,438,16000,0,45000,8000000,0.0,19057000.0,1133000000.0,0.0,78000,0.0,112622,121,2123,150,BEN,Porto-Novo,"285,000",141,3.8912
Bhutan,876181,201522,120913,4381,7500,0,0,2,0,0,0,0,0,0,2,0,0,108,0,0,0,0,0,0,0,0,0,0,0,0,25000000,3000000000,8481000000,1056000000,2,361000,0,0,0,12205,0,4500,0,0.0,0.0,0.0,174000.0,211000,0.0,38394,0,1136,0,BTN,Thimphu,"205,000",145,6.3704
Bolivia,12186079,5361875,4070150,231536,40000,40000,0,63,0,0,15,19,0,0,32,0,54,452,0,55,0,173,0,0,0,0,0,0,57,0,2700000000,13000000000,97266000000,4730000000,855,6322000,5,46,3690,90568,66000,90000,241000000,15328422000.0,2918829000.0,302990000000.0,0.0,0,1000000.0,1098581,0,7252,10000,BOL,La Paz,"1,908,000",82,1.4851
Bosnia and Herzegovina,3807764,2360814,1960998,49501,12770,6000,0,24,0,0,0,0,0,0,24,0,91,450,10,580,79,0,0,0,0,0,0,0,0,0,5847324600,11000000000,51244000000,9475000000,24,1169000,5,0,965,22926,0,35000,0,0.0,218266.0,0.0,6966000.0,7752000,2264000000.0,51197,20,1543,990,BIH,Sarajevo,"344,000",116,2.3996
Botswana,2417596,1015390,609234,24176,21000,0,0,46,11,0,10,9,0,0,16,0,20,587,12,36,20,0,0,0,0,0,0,0,0,0,1642009600,2200000000,38415000000,4802000000,74,1050000,0,0,888,31747,0,22000,0,0.0,0.0,0.0,1876000.0,1416000,1660000000.0,581730,0,4347,0,BWA,Gaborone,"272,000",126,2.8353
Brazil,218689757,111531776,88131972,3499036,360000,340000,200000,628,46,72,111,206,24,2,195,0,469,44044,172,460,78,134,0,1,4,0,6,2,23,5,24752000000,700000000000,3128000000000,362210000000,4093,99470000,17,877,29850,2000000,3630000,3145000,12715000000,25385979000.0,35253198000.0,363984000000.0,13993000.0,31841000,6596000000.0,8515770,7491,16145,50000,BRA,Brasilia,"4,804,000",12,0.1944
Bulgaria,6827736,3209036,2628678,61450,37000,3000,0,65,11,5,6,20,0,0,27,4,215,7420,48,225,24,40,0,0,0,0,4,3,2,12,1428000000,40000000000,167804000000,39188000000,68,3291000,2,80,4029,19512,4500,100000,15000000,62439000.0,2929401000.0,5663000000.0,22298000.0,23213000,2366000000.0,110880,354,1806,470,BGR,Sofia,"1,287,000",62,1.0132
Burkina Faso,22489126,8320977,5914640,359826,12000,0,4500,21,0,3,2,4,1,0,11,2,0,1112,0,12,5,0,0,0,0,0,0,0,0,0,434250000,3056000000,48175000000,49000000,23,8016000,0,0,622,15304,0,31000,0,0.0,0.0,0.0,0.0,0,0.0,274200,0,3611,0,BFA,Ouagadougou,"3,056,000",127,2.8501
Cambodia,16891245,8107798,5675458,304042,221000,0,10000,24,0,0,4,0,0,0,20,0,322,4094,25,215,497,31,0,0,0,0,0,0,20,0,700000000,12000000000,72238000000,20270000000,16,9345000,2,242,642,47263,0,65000,0,0.0,0.0,0.0,0.0,2974000,0.0,181035,443,2530,3700,KHM,Phnom Penh,"2,211,000",111,2.1725
Cameroon,30135732,10246149,6057282,482172,40000,0,12500,35,0,0,6,6,2,0,21,0,0,850,18,52,20,65,0,0,0,0,0,0,37,0,398000000,9400000000,100648000000,3459000000,33,11810000,3,121,987,77589,65000,40000,200000000,2678486000.0,986189000.0,135071000000.0,0.0,0,0.0,475440,400,5018,0,CMR,Yaounde,"4,164,000",104,2.0599
Canada,38516736,16562196,13403824,423684,68000,27000,5500,375,65,0,28,129,26,6,143,0,74,18054,0,0,0,67,0,0,4,0,12,0,14,0,26500000000,2124887000000,1832000000000,106615000000,1467,21017000,13,689,4942,1042300,5500000,2630000,170500000000,178723494000.0,124502315000.0,2067126000000.0,48328000.0,25642000,6582000000.0,9984670,202080,8893,636,CAN,Ottawa,"1,423,000",27,0.3813
Central African Republic,5552228,2165369,1232595,99940,10000,0,1000,6,0,0,6,0,0,0,0,0,0,228,0,0,0,0,0,0,0,0,0,0,0,0,41454000,780000000,4483000000,350305000,39,2015000,2,0,0,24000,0,2000,0,0.0,0.0,0.0,0.0,0,3000000.0,622984,0,5920,2800,CAF,Bangui,"933,000",137,3.5316
Chad,18523165,6668339,3741679,370463,33250,0,5000,41,0,7,8,9,2,0,15,3,90,1568,10,15,21,0,0,0,0,0,0,0,0,0,290000000,1724000000,24490000000,150000000,59,5246000,0,0,0,40000,90000,12600,1500000000,0.0,0.0,0.0,0.0,0,0.0,1284000,0,6406,12400,TCD,N Djamena,"1,533,000",93,1.8607
Chile,18549457,8903739,7475431,296791,80000,40000,50000,289,45,0,32,86,21,5,85,0,270,9492,48,225,20,130,0,0,4,0,8,0,40,0,2222000000,195000000000,496085000000,51252000000,481,8684000,11,239,7282,77801,12000,362000,150000000,1109962000.0,6558312000.0,97976000000.0,542000.0,10573000,1181000000.0,756102,6435,7801,12290,CHL,Santiago,"6,857,000",52,0.8128
China,1413142846,763097137,626022281,19784000,2035000,510000,625000,3304,1207,371,289,402,112,10,913,281,5000,174300,3850,1434,3180,730,2,3,61,49,42,72,150,36,227000000000,2027950000000,24861000000000,3428000000000,507,791383000,22,7362,150000,5200000,4715000,14010000,26022600000,179317495000.0,306576649000.0,6654250000000.0,4314681000.0,4506387000,141595000000.0,9596960,14500,22457,27700,CHN,Beijing,"21,333,000",3,0.0706
Colombia,49336454,24174862,19093208,838720,293200,35000,150000,434,17,24,84,70,27,1,258,0,0,2724,6,110,0,237,0,0,4,0,9,2,219,0,14012180000,135644000000,754645000000,58019000000,836,26137000,8,148,2141,205379,765500,355000,2036000000,11305086000.0,11708232000.0,87782000000.0,51395000.0,8547000,4554000000.0,1138910,3208,6672,24725,COL,Bogota,"11,344,000",44,0.7347
Croatia,4169239,2042927,1571803,54200,14325,20100,2000,81,11,0,0,26,0,0,52,0,75,3076,18,163,105,32,0,0,0,0,0,0,10,1,1186437722,50000000000,123348000000,28309000000,69,1742000,6,376,2617,26958,12500,72000,72000000,851005000.0,3009113000.0,24919000000.0,0.0,643000,0.0,56594,5835,2237,4714,HRV,Zagreb,"684,000",66,1.1333
Cuba,10985974,5932426,4745941,142818,45500,40000,1145000,81,38,0,3,26,0,0,14,4,225,4826,60,260,15,24,0,0,1,0,2,1,6,8,2533000000,30060000000,137000000000,10000000000,133,5135000,8,64,8367,60000,40000,165000,125000000,976023000.0,976023000.0,70792000000.0,0.0,4000,0.0,110860,3735,29,240,CUB,Havana,"2,146,000",68,1.1869
Czechia,10706242,5031934,4079078,96356,28000,4200,0,88,12,16,10,15,2,0,33,3,65,6757,53,0,0,0,0,0,0,0,0,0,0,0,6520000000,192000000000,428016000000,173618000000,128,5266000,3,0,9548,55744,6500,220000,15000000,189185000.0,8815133000.0,3964000000.0,33806000.0,37212000,2927000000.0,78867,0,2046,664,CZE,Prague,"1,318,000",46,0.7706
Democratic Republic of the Congo,111859928,38032376,30425900,2460918,166580,31000,10000,46,1,6,6,1,0,0,32,8,210,458,15,120,50,16,0,0,0,0,0,0,16,0,300000000,4605000000,102956000000,3467000000,198,33382000,11,23,4007,152373,22000,20000,180000000,368000.0,368000.0,991000000.0,0.0,10000,88000000.0,2344858,37,10481,15000,COD,Kinshasa,"15,628,000",73,1.2491
Denmark,5946984,2616673,2117126,77311,20000,12000,51000,119,33,4,4,41,3,0,34,0,44,4056,19,0,0,91,0,0,0,0,9,0,45,0,6350932500,505000000000,352436000000,82236000000,80,3051000,8,731,2682,74558,70000,165500,440000000,1314636000.0,2188096000.0,29534000000.0,0.0,1249000,0.0,43094,7314,140,400,DNK,Copenhagen,"1,370,000",48,0.7743
Dominican Republic,10790744,4963742,4024948,97117,50000,0,30000,69,0,8,10,10,1,0,48,0,10,540,0,25,0,34,0,0,0,0,0,0,14,0,550000000,25000000000,207082000000,13125000000,36,5027000,5,38,496,19705,0,150000,0,0.0,1602759000.0,0.0,0.0,1791000,0.0,48320,1288,376,0,DOM,Santo Domingo,"3,458,000",123,2.7431
Ecuador,17483326,8042330,6433864,314700,41250,118000,1500,110,0,0,22,34,8,0,52,0,55,5662,15,140,35,27,0,0,2,0,2,6,5,0,3204135840,50667000000,189880000000,7912000000,432,8528000,5,147,965,43950,480000,260000,8275000000,342407000.0,342407000.0,10902000000.0,0.0,10000,24000000.0,283560,2237,2237,1500,ECU,Quito,"1,928,000",72,1.2388
Egypt,109546720,44914155,37684072,1643201,440000,480000,300000,1080,238,88,59,346,11,0,338,100,5340,77596,1489,1557,1119,140,0,2,8,0,13,7,42,23,9400000000,110000000000,1264000000000,39824000000,83,30179000,11,436,5085,65050,661000,810200,3300000000,64292955000.0,58176781000.0,1783958000000.0,262000.0,2310000,16000000.0,1001450,2450,2612,3500,EGY,Cairo,"21,750,000",15,0.2283
El Salvador,6602370,3169138,2502298,145252,25000,10000,15000,49,0,13,3,5,0,0,29,0,0,1850,0,70,0,15,0,0,0,0,0,0,10,0,422400000,17240000000,57371000000,3426000000,68,2658000,2,4,13,9012,0,60000,0,0.0,0.0,0.0,0.0,1000,0.0,21041,307,590,422,SLV,San Salvador,"1,111,000",125,2.8204
Eritrea,6274796,2196179,1581249,75298,120000,130000,0,20,1,0,5,1,0,0,13,6,1756,3512,54,156,219,23,0,0,0,0,0,0,18,0,100000000,800000000,9702000000,208347200,13,1675000,2,9,306,16000,0,5500,0,0.0,0.0,0.0,0.0,0,0.0,117600,2234,1840,0,ERI,Asmara,"1,035,000",117,2.4152
Estonia,1202762,589353,459455,13230,7700,78800,10000,7,0,0,2,5,0,0,3,0,0,1409,24,0,6,10,0,0,0,0,0,0,6,4,1436346800,24000000000,51531000000,2371000000,18,704700,6,70,1441,58412,22000,30000,0,0.0,417106000.0,0.0,0.0,3000,0.0,45228,3794,657,335,EST,Tallinn,"452,000",87,1.7237
Ethiopia,116462712,55902102,34705888,2678642,162000,0,0,91,23,0,10,27,0,0,31,6,680,10028,65,648,79,0,0,0,0,0,0,0,0,0,888099450,30000000000,278945000000,3046000000,57,56664000,2,12,659,120171,0,110000,400000,0.0,0.0,24919000000.0,0.0,689000,0.0,1104300,0,5925,0,ETH,Addis Ababa,"5,228,000",49,0.7938
Finland,5614571,2301974,1908954,56145,24000,870000,53800,164,55,0,11,77,1,0,27,0,200,11716,125,667,76,246,0,0,0,0,0,0,8,18,6672657000,600000000000,275545000000,16744000000,148,2820000,6,278,5918,454000,8500,210000,0,0.0,2392826000.0,0.0,762000.0,3552000,0.0,338145,1250,2563,8000,FIN,Helsinki,"1,328,000",50,0.7967
France,68521974,30149669,23845647,753742,200000,26000,150000,972,224,0,118,140,44,17,447,69,222,85023,96,0,9,128,1,3,9,10,11,0,15,17,49730000000,6356459000000,3048000000000,224280000000,464,31132000,17,549,27860,1053215,82000,1700000,62000000,16226000.0,38192256000.0,7787000000.0,2312000.0,10712000,0.0,643801,4853,4072,8501,FRA,Paris,"11,142,000",11,0.1878
Gabon,2397368,911000,520229,45550,4800,0,2500,24,6,0,3,0,0,0,15,0,0,848,0,4,28,5,0,0,0,0,0,0,4,0,280620000,6500000000,32340000000,1176800000,44,718400,5,71,649,14300,175000,15000,2000000000,319102000.0,319102000.0,25995000000.0,0.0,0,0.0,267667,885,3261,1600,GAB,Libreville,"857,000",132,2.9517
Georgia,4936390,2764378,2241121,93791,55000,152500,0,52,0,0,2,8,0,0,42,11,235,5256,94,173,82,19,0,0,0,0,0,0,31,4,511258107,20000000000,57434000000,4271000000,22,1724000,2,24,1363,20295,300,35000,35000000,6088000.0,2539649000.0,8495000000.0,99000.0,362000,201000000.0,69700,310,1814,0,GEO,Tblisi,"1,080,000",84,1.6969
Germany,84220184,38741285,30993028,842202,181600,34000,0,618,133,76,46,39,37,0,318,55,295,79317,134,0,33,64,0,0,6,0,12,5,0,12,55941410000,5671463000000,4424000000000,295736000000,539,43968000,13,592,39379,830000,135000,2350000,115200000,5128909000.0,87546767000.0,23390000000.0,114860000.0,145379000,35900000000.0,357022,2389,3694,7300,DEU,Berlin,"3,571,000",19,0.2847
Ghana,33846114,14553829,9747681,609230,15500,0,0,20,0,0,2,5,2,0,11,0,0,1656,0,6,15,27,0,0,0,0,0,0,27,0,300000000,20500000000,178455000000,9917000000,10,14095000,2,52,947,65725,186000,100000,660000000,1598653000.0,2224568000.0,22653000000.0,0.0,48000,0.0,238533,539,2420,1293,GHA,Accra,"2,605,000",113,2.2358
Greece,10497595,4933870,3999584,104976,142700,221350,55000,632,194,0,14,145,8,0,289,29,1365,57030,589,729,152,187,0,0,11,0,13,0,35,8,5974000000,500000000000,314427000000,14447000000,77,4619000,7,1234,2345,117000,5000,310000,10000000,5748000.0,5831987000.0,991000000.0,13851000.0,13828000,2876000000.0,131957,13676,1110,6,GRC,Athens,"3,154,000",32,0.4349
Guatemala,17980803,7372129,6185396,179808,106114,90000,35000,34,0,4,9,0,0,0,21,0,10,848,0,50,0,25,0,0,0,0,0,0,20,0,395000000,25000000000,152734000000,20935000000,291,6671000,2,9,800,17440,10500,115000,86100000,0.0,0.0,0.0,0.0,2280000,0.0,108889,400,1667,990,GTM,Guatemala City,"3,036,000",108,2.1301
Honduras,9571352,4211395,3158546,95714,52225,60000,23000,44,4,9,12,10,1,0,8,0,22,614,0,32,0,71,0,0,0,0,0,0,66,0,400000000,10000000000,57273000000,6423000000,103,4314000,4,505,699,14742,0,70000,0,0.0,0.0,0.0,0.0,25000,0.0,112090,832,1575,465,HND,Tegucigalpa,"1,527,000",95,1.9629
Hungary,9670009,4544904,3722953,116040,41600,20000,15000,62,12,0,2,12,0,0,38,8,208,7797,23,295,0,0,0,0,0,0,0,0,0,0,4293000000,125000000000,326186000000,43483000000,41,4910000,5,1,7687,203601,35000,180600,12100000,1685020000.0,10545459000.0,3738000000.0,6956000.0,8079000,2909000000.0,103000,0,2106,1622,HUN,Budapest,"1,775,000",54,0.8478
Iceland,360872,83001,49800,1804,0,0,0,0,0,0,0,0,0,0,0,0,0,175,0,0,0,0,0,0,0,0,0,0,0,0,0,20000000000,19962000000,7079000000,96,200300,3,40,0,12898,0,20000,0,0.0,0.0,0.0,0.0,142000,0.0,100250,4970,0,0,ISL,Reykjavik,"216,000",136,3.5038
India,1399179585,657614405,519095626,23786053,1455550,1155000,2527000,2296,606,130,264,351,70,6,869,40,4614,151248,140,3243,702,294,2,0,18,12,12,18,137,0,74000000000,555388000000,9279000000000,638485000000,346,476670000,13,1801,65554,6371847,772000,5000000,4605000000,27734833000.0,61646806000.0,1380614000000.0,743214000.0,883979000,105931000000.0,3287263,7000,13888,14500,IND,New Delhi,"32,066,000",4,0.1023
Indonesia,279476346,136943410,113746873,4751098,400000,400000,250000,474,41,37,68,130,17,1,210,15,313,11604,153,414,63,333,0,0,4,0,8,25,205,13,25000000000,400000000000,3246000000000,144908000000,673,138119000,16,11015,8159,496607,845000,1650000,2500000000,62612013000.0,38673953000.0,1408478000000.0,563728000.0,132548000,39891000000.0,1904569,54716,2958,21579,IDN,Jakarta,"11,075,000",13,0.2251
Iran,87590873,49050889,41167710,1401454,610000,350000,220000,551,186,23,86,102,10,7,129,13,1996,65765,580,2050,775,101,0,0,19,0,7,3,21,1,9954451000,8000000000,1319000000000,127150000000,319,27682000,4,942,8484,223485,3450000,1935000,210000000000,237561415000.0,220704282000.0,33987296000000.0,2783000.0,2794000,1203000000.0,1648195,2440,5894,850,IRN,Tehran,"9,382,000",14,0.2269
Iraq,41266109,17331766,14030477,701524,193000,0,100000,371,26,35,20,113,17,0,197,40,848,39872,281,1446,425,68,0,0,0,0,0,2,26,0,5252000000,75000000000,390165000000,64231000000,102,11184000,3,75,2272,59623,4162000,865000,145020000000,10710773000.0,18014129000.0,3728926000000.0,0.0,0,0.0,438317,58,3809,5279,IRQ,Baghdad,"7,512,000",45,0.7441
Ireland,5323991,2449036,2033765,58564,7765,1700,0,25,0,0,4,8,5,0,8,0,0,1064,0,0,0,6,0,0,0,0,0,0,5,0,837081375,3000000000000,515880000000,13247000000,40,2518000,7,96,1688,99830,600,160000,0,2652180000.0,5491562000.0,9911000000.0,0.0,351000,14000000.0,70273,1448,443,956,IRL,Dublin,"1,256,000",94,1.8779
Israel,9043387,3798223,3156142,126607,170000,465000,35000,612,241,39,12,155,23,14,146,48,1370,43407,650,300,150,67,0,0,5,0,0,7,45,0,24400000000,135000000000,393861000000,212934000000,42,4186000,5,45,1497,20391,0,235000,12700000,10474299000.0,9442435000.0,176017000000.0,0.0,5089000,0.0,21937,273,1068,0,ISR,Jerusalem,"970,000",17,0.2596
Italy,61021855,27459835,22211955,549197,165500,18500,105000,800,90,67,29,163,28,8,402,57,200,61892,64,108,21,309,2,0,8,4,13,0,18,10,31600000000,2500000000000,2478000000000,227478000000,129,25012000,14,1266,18475,487700,110000,1255100,500000000,3888491000.0,74313109000.0,45760000000.0,1456000.0,9335000,17000000.0,301340,7600,1836,2400,ITA,Rome,"4,298,000",10,0.1863
Ivory Coast,29344847,12031387,7688350,557552,22000,0,5500,9,0,0,4,2,1,0,2,1,10,476,0,4,6,7,0,0,0,0,0,0,6,0,657201867,15000000000,146323000000,5350000000,27,8876000,3,25,660,81996,35000,60000,100000000,2424768000.0,2424768000.0,28317000000.0,0.0,0,0.0,322463,515,3458,980,CIV,Yamoussoukro,"231,000",98,1.9869
Japan,123719238,53199272,43054295,1113473,247150,56000,25000,1459,217,36,56,420,145,8,577,119,518,37662,173,480,54,155,0,4,23,36,4,6,6,22,53000000000,4254271000000,5126000000000,1406000000000,175,68629000,44,5590,27311,1218772,10200,3740000,44100000,1928431000.0,102108738000.0,20898000000.0,29840000.0,210882000,350000000.0,377915,29751,0,1770,JPN,Tokyo,"37,274,000",7,0.1601
Jordan,11086716,3436882,2960153,144127,100500,65000,35000,265,44,6,12,61,11,0,148,43,1365,24148,199,84,88,27,0,0,0,0,0,0,27,0,2020000000,35000000000,102822000000,15560000000,18,2865000,1,35,509,7203,0,115000,1000000,115872000.0,4650978000.0,6031000000.0,0.0,219000,0.0,89342,26,1744,0,JOR,Amman,"2,210,000",80,1.4651
Kazakhstan,19543464,8794559,6683865,273608,110000,135000,55000,243,81,38,21,28,0,0,75,22,300,6012,246,450,407,18,0,0,0,0,0,0,15,2,7500000000,160000000000,496126000000,34378000000,96,9248000,5,120,16636,96167,1865000,320500,30000000000,25785505000.0,14557101000.0,2406928000000.0,102338000.0,74819000,25605000000.0,2724900,26,13364,43983,KAZ,Nur-Sultan,"1,254,000",58,0.9495
Kenya,57052004,21109241,13749533,912832,50000,0,25000,158,17,0,21,31,2,0,87,2,188,4856,18,53,0,19,0,0,0,0,0,0,7,0,2200000000,30000000000,251431000000,9491000000,197,23915000,2,25,3819,161452,0,116500,0,0.0,0.0,0.0,0.0,821000,0.0,580367,536,3457,0,KEN,Nairobi,"5,119,000",89,1.7629
Kosovo,1965327,911912,738963,17688,10000,5000,500,0,0,0,0,0,0,0,0,0,0,922,0,0,0,0,0,0,0,0,0,0,0,0,399686950,2500000000,21226000000,1244000000,6,500300,0,0,437,2012,13000,13000,0,0.0,0.0,0.0,8538000.0,8549000,1564000000.0,10887,0,714,0,XKX,Pristina,"216,870",135,3.4115
Kuwait,3103580,1706969,1433854,37243,72000,24000,7500,114,36,0,2,13,0,3,60,16,367,4409,74,0,27,123,0,0,0,0,0,0,106,0,9500000000,50000000000,191522000000,49525000000,7,2363000,5,166,0,5749,2720500,345000,101500000000,19509907000.0,24322970000.0,1783958000000.0,0.0,68000,0.0,17818,499,475,0,KWT,Kuwait,"3,239,000",77,1.4261
Kyrgyzstan,6122781,3122618,2467481,116333,23000,300000,55000,6,0,0,0,0,0,0,6,2,215,2772,64,306,36,0,0,0,0,0,0,0,0,0,165000000,10000000000,32221000000,2983000000,28,2478000,2,0,424,34000,700,35000,40000000,25542000.0,207845000.0,5663000000.0,2287000.0,1717000,971000000.0,199951,0,4573,576,KGZ,Bishkek,"1,082,000",100,2.0057
Laos,7852377,3455046,2489204,157048,100000,30000,120000,34,0,0,3,4,0,0,27,0,130,1880,40,87,64,45,0,0,0,0,0,0,42,0,40000000,15000000000,58264000000,1476000000,41,3915000,0,1,422,39568,0,20000,0,0.0,0.0,0.0,16040000.0,15823000,503000000.0,236800,0,5274,4600,LAO,Vientiane,"706,000",112,2.2071
Latvia,1821750,819788,655830,16396,17250,36000,12500,7,0,0,0,0,0,0,7,0,0,1544,59,0,0,18,0,0,0,0,0,0,11,6,1091592504,40164000000,60457000000,5491000000,42,955000,2,80,2216,70244,1600,40000,0,0.0,1067798000.0,0.0,0.0,39000,0.0,64589,498,1370,300,LVA,Riga,"625,000",99,1.9911
Lebanon,5331203,2079169,1764628,69306,60000,35000,65000,81,0,9,0,9,0,0,69,0,204,4522,84,374,30,69,0,0,0,0,0,0,44,0,995000000,35000000000,72577000000,35239000000,8,1719000,2,49,401,21705,0,170000,0,0.0,0.0,0.0,0.0,268000,0.0,10400,225,484,0,LBN,Beirut,"2,433,000",118,2.4283
Liberia,5358483,2422763,1938211,66075,1500,0,5500,0,0,0,0,0,0,0,0,0,0,325,0,0,0,6,0,0,0,0,0,0,6,0,12000000,826000000,7391000000,400383000,29,2289000,2,4311,429,10600,0,9500,0,0.0,0.0,0.0,0.0,0,0.0,111369,579,1667,0,LBR,Monrovia,"1,623,000",140,3.7262
Libya,7252573,3771338,3241900,123294,32000,0,100000,132,17,3,10,68,0,0,32,7,300,2890,10,65,55,7,0,0,0,0,1,1,1,2,3400000000,3020000000,147942000000,82262000000,146,2280000,5,94,2000,37000,1255000,220000,50000000000,12414736000.0,7669690000.0,1504868000000.0,0.0,0,0.0,1759540,1770,4339,0,LBY,Tripoli,"1,176,000",79,1.4449
Lithuania,2655755,1726241,1346468,37181,23000,104000,14150,9,0,0,5,0,0,0,4,0,0,1356,21,54,0,11,0,0,0,0,0,0,4,4,2225016300,40000000000,110089000000,5580000000,61,1476000,3,62,1911,84166,4000,70000,12000000,0.0,2230854000.0,0.0,0.0,221000,0.0,65300,90,1545,441,LTU,Vilnius,"541,000",88,1.7395
Luxembourg,660924,152013,91208,3305,1000,0,0,1,0,0,1,0,0,0,0,0,0,180,0,0,0,0,0,0,0,0,0,0,0,0,618877245,4300000000000,74045000000,2921000000,2,333900,1,149,271,2875,0,65000,0,0.0,776022000.0,0.0,0.0,65000,0.0,2586,0,327,37,LUX,Luxembourg,"120,000",109,2.1458
Madagascar,28812195,10948634,7779293,547432,13500,0,8100,5,0,0,0,0,0,0,5,0,12,232,0,0,0,8,0,0,0,0,0,0,9,0,110000000,3085000000,42322000000,2335000000,83,14813000,4,28,836,31640,0,21100,0,0.0,0.0,0.0,0.0,107000,0.0,587040,4828,0,600,MDG,Antananarivo,"3,700,000",133,3.0655
Malaysia,34219975,16083388,13345790,547520,113000,51600,100000,143,26,12,16,31,7,4,52,0,48,13965,0,196,36,101,0,0,2,0,2,6,72,4,4370000000,225000000000,884106000000,116916000000,114,16740000,9,1790,1851,144403,600000,720000,3600000000,74985350000.0,39586915000.0,1189306000000.0,2977000.0,35268000,226000000.0,329847,4675,2742,7200,MYS,Kuala Lumpur,"8,420,000",42,0.5992
Mali,21359722,6621514,4165146,341756,40000,0,4800,42,9,12,6,4,1,0,10,7,20,647,0,10,25,0,0,0,0,0,0,0,0,0,555000000,4192000000,46452000000,521750000,25,7900000,1,0,593,139107,0,40000,0,0.0,0.0,0.0,0.0,0,0.0,1240192,0,7908,1800,MLI,Bamako,"2,817,000",106,2.1115
Mauritania,4244878,1655502,1158852,80653,31540,66000,5000,24,0,4,7,7,2,0,4,0,0,1000,0,0,0,5,0,0,0,0,0,0,3,0,190000000,4150000000,24494000000,2039000000,30,1197000,2,11,728,12253,0,30000,20000000,0.0,0.0,28317000000.0,0.0,0,0.0,1030700,754,5002,1086,MRT,Nouakchott,"1,492,000",131,2.9277
Mexico,129875529,61041499,49482577,2207884,412000,98655,120000,462,3,33,45,201,25,0,178,0,0,17601,10,80,0,194,0,0,0,5,11,4,150,0,14824000000,456713000000,2418000000000,207799000000,1714,6132000,14,669,23389,704884,1905500,2000000,5800000000,27037730000.0,86101223000.0,180321000000.0,9886000.0,10241000,1211000000.0,1964375,9330,4389,2900,MEX,Mexico City,"22,281,000",31,0.4274
Moldova,3250532,1950319,1618765,65011,8500,67000,2000,3,0,0,1,0,0,0,2,0,0,450,0,0,0,0,0,0,0,0,0,0,0,0,80000000,7232000000,36637000000,3902000000,7,810000,0,126,1171,9352,0,22000,0,57000.0,2802400000.0,0.0,0.0,133000,0.0,33851,0,1885,558,MDA,Chisinau,"488,000",144,4.2311
Mongolia,3255468,1855617,1539836,61854,35000,135000,50000,11,0,0,3,2,0,0,6,0,470,3600,0,150,120,0,0,0,0,0,0,0,0,0,100000000,30000000000,39063000000,4380000000,44,1331000,0,314,1815,113200,17000,36000,0,0.0,0.0,0.0,43904000.0,8818000,2520000000.0,1564116,0,8082,580,MNG,Ulaanbaatar,"1,673,000",105,2.1079
Montenegro,602445,144587,85547,3615,2350,0,5500,11,0,0,0,0,0,0,11,0,0,662,0,12,12,13,0,0,0,0,0,0,5,0,115000000,2516000000,12757000000,1982000000,5,277400,1,18,250,7762,0,7600,0,0.0,0.0,0.0,1456000.0,1351000,142000000.0,13812,294,680,0,MNE,Podgorica,"177,000",129,2.9109
Morocco,37067420,17792362,15123507,630146,195800,150000,50000,255,83,0,30,71,4,2,70,0,1564,13710,565,306,208,121,0,0,0,0,6,1,22,0,12088000000,55000000000,303336000000,35648000000,62,11814000,7,93,2067,57300,0,310000,700000,105678000.0,1051658000.0,1444000000.0,0.0,9321000,14000000.0,715550,1835,2363,0,MAR,Rabat,"1,959,000",61,1.0081
Mozambique,32513805,14306074,7575717,520221,11200,0,3000,21,8,0,3,1,1,0,8,2,60,872,0,104,12,8,0,0,0,0,0,0,8,0,1045429092,11000000000,39351000000,67510000000,98,14137000,3,30,4787,31083,0,35500,0,5423828000.0,1397604000.0,2831680000000.0,7250000.0,46000,1792000000.0,799380,2470,4783,460,MOZ,Maputo,"1,163,000",92,1.8377
Myanmar,57970293,30724255,22144652,1043465,150000,20000,55000,293,58,26,31,93,5,0,80,9,705,8139,215,1868,586,227,0,0,3,0,6,3,124,2,2700000000,6594000000,216948000000,7670000000,64,22122000,3,102,5031,157000,8000,146200,140000000,17710912000.0,3612431000.0,637128000000.0,1468000.0,1981000,6000000.0,676578,1930,6522,12800,MMR,Rangoon,"5,610,000",35,0.5251
Namibia,2777232,610991,397144,30550,13000,0,5000,32,9,0,3,13,0,0,7,2,7,2674,0,50,7,8,0,0,0,0,0,2,5,0,365000000,8000000000,23120000000,2764000000,112,939000,2,15,2628,48875,0,26500,0,0.0,0.0,62297000000.0,0.0,38000,0.0,824292,1572,4220,0,NAM,Windhoek,"477,000",124,2.7652
Nepal,30899443,15140727,11649090,772486,95000,0,15000,15,0,0,5,0,0,0,10,0,0,2216,0,0,0,0,0,0,0,0,0,0,0,0,440000000,6000000000,115093000000,9661000000,47,16884000,0,0,59,27990,0,50000,0,0.0,0.0,0.0,28000.0,839000,1000000.0,147181,0,3159,0,NPL,Kathmandu,"1,571,000",128,2.8962
Netherlands,17463930,7858769,6374334,192103,41380,6765,5000,143,26,26,4,21,0,0,66,21,18,3176,49,23,0,112,0,0,3,0,6,0,4,6,12041380000,4345413000000,992675000000,64469000000,29,9902000,6,1175,3055,139124,76100,915500,140000000,32857597000.0,44752918000.0,132608000000.0,1879000.0,8241000,497000000.0,41543,451,1053,6237,NLD,Amsterdam,"1,174,000",40,0.5644
New Zealand,5109702,2197172,1757737,61316,8670,3250,300,47,0,0,6,13,6,0,22,0,0,4040,0,31,0,9,0,0,0,0,2,0,4,0,3300000000,190621000000,219839000000,16114000000,123,2911000,6,116,4128,94000,14000,185000,41000000,4771126000.0,4946237000.0,31148000000.0,3226000.0,3001000,7575000000.0,267710,15134,0,0,NZL,Wellington,"422,000",67,1.1844
Nicaragua,6359689,3116248,2645631,139913,45000,0,5500,17,0,0,5,1,0,0,11,0,20,3739,0,136,82,23,0,0,0,0,0,0,23,0,735000000,12000000000,38628000000,4047000000,147,3042000,2,5,0,23897,200,35000,0,0.0,0.0,0.0,0.0,0,0.0,130370,910,1253,2220,NIC,Managua,"1,095,000",120,2.4889
Niger,25396840,7619052,5104765,431746,25000,0,5000,24,0,2,7,0,2,0,13,1,0,912,0,0,0,0,0,0,0,0,0,0,0,0,250000000,4000000000,29964000000,1250000000,30,9411000,0,2,0,18949,8000,14000,150000000,0.0,0.0,0.0,224000.0,224000,6000000.0,1267000,0,5834,300,NER,Niamey,"1,437,000",121,2.5988
Nigeria,230842743,122346654,88181928,4155169,230000,0,50000,147,14,24,20,27,9,0,53,15,343,6404,32,339,37,133,0,0,0,0,1,0,109,2,4000000000,27000000000,1050000000000,37750000000,54,65116000,4,832,3798,195000,1647000,485000,37000000000,46296835000.0,18787602000.0,5760883000000.0,44000.0,85000,344000000.0,923768,853,4477,8600,NGA,Abuja,"3,840,000",39,0.5619
North Korea,26072217,9385998,5266588,417155,1320000,560000,100000,951,440,132,1,173,0,0,205,20,5845,24696,4500,4500,2920,505,0,0,35,0,1,4,169,1,3500000000,5000000000,40000000000,5000000000,82,17160000,7,270,7435,25554,0,20500,0,0.0,0.0,0.0,16376000.0,6698000,600000000.0,120538,2495,1607,2250,PRK,Pyongyang,"3,158,000",36,0.5313
North Macedonia,2133410,947234,782961,27734,9000,60000,3500,20,0,0,0,10,0,0,10,4,23,2156,0,191,24,0,0,0,0,0,0,0,0,0,295015800,10000000000,34007000000,4129000000,10,916200,0,0,699,14182,0,23000,0,0.0,218917000.0,0.0,5026000.0,5211000,332000000.0,25713,0,838,0,MKD,Skopje,"611,000",110,2.1717
Norway,5597924,2239170,1836119,72773,23250,0,40000,102,0,30,4,26,5,0,37,0,36,7048,56,0,0,25,0,0,6,0,4,6,17,6,8326314600,651040000000,368151000000,84271000000,95,2971000,11,1710,3848,94902,2026000,216000,8122200000,112052523000.0,3980351000.0,1544455000000.0,69000.0,1130000,2000000.0,323802,25148,2566,1577,NOR,Oslo,"1,086,000",41,0.5664
Oman,3833465,1456717,1268877,49835,42600,100000,10000,128,29,10,9,45,4,0,31,0,154,5019,24,141,0,22,0,0,0,0,0,5,12,0,7878000000,46270000000,155028000000,19731000000,132,2259000,5,57,0,60230,980000,235000,5375000000,36596746000.0,24279419000.0,651286000000.0,0.0,115000,0.0,309500,2092,1561,0,OMN,Muscat,"1,650,000",78,1.4448
Pakistan,247653551,106491027,84202207,4705417,654000,550000,500000,1434,387,90,60,549,25,4,352,57,3742,50523,752,3238,602,114,0,0,8,2,9,7,69,3,6349876689,110000000000,1211000000000,22812000000,151,73133000,2,58,11881,264175,101000,495000,540000000,38056250000.0,48391627000.0,592218000000.0,4855000.0,21012000,3064000000.0,796095,1046,7257,0,PAK,Islamabad,"1,232,000",9,0.1711
Panama,4404108,1981849,1189109,52849,0,0,80000,38,0,0,13,4,0,0,21,0,0,524,0,0,0,45,0,0,0,0,0,0,14,0,740000000,101393000000,126352000000,6158500000,117,1966000,3,8025,77,11978,0,145000,0,0.0,552744000.0,0.0,0.0,1118000,0.0,75420,2490,687,800,PAN,Panama City,"1,977,000",134,3.3388
Paraguay,7439863,3496736,2968505,148797,15650,168500,15000,41,0,0,11,15,1,0,14,0,10,1936,0,28,0,69,0,0,0,0,0,0,60,0,350000000,16622000000,91759000000,9661000000,799,3430000,4,105,30,78811,2000,57000,0,0.0,0.0,0.0,0.0,0,0.0,406752,0,4655,3100,PRY,Asuncion,"3,511,000",85,1.7053
Peru,32440172,15571283,12619227,616363,120000,385000,60000,258,16,22,40,71,12,0,95,16,261,7896,12,286,73,69,0,0,4,0,7,8,13,0,2014000000,81333000000,421937000000,69304500000,191,18352000,8,101,1855,18699,123000,265500,860000000,12079211000.0,8278048000.0,300158000000.0,696000.0,396000,102000000.0,1285216,2414,7062,8808,PER,Lima,"11,204,000",53,0.8475
Philippines,116434200,50066706,41101273,2095816,150000,1200000,35000,195,0,25,25,24,8,0,115,2,10,7562,12,289,0,111,0,0,0,0,2,1,50,0,4100000000,82000000000,921826000000,108755000000,247,44242000,5,1853,77,216387,10500,530000,140000000,3632507000.0,3632507000.0,98542000000.0,13752000.0,32855000,361000000.0,300000,36289,0,3219,PHL,Manila,"14,667,000",34,0.4691
Poland,37991766,18615965,15272690,455901,202100,350000,50000,468,59,34,49,107,9,0,215,30,612,13956,525,0,211,45,0,0,1,0,2,2,3,21,38360000000,351770000000,1318000000000,166030000000,126,18212000,4,149,19461,420000,28500,700000,115000000,5666815000.0,21463908000.0,91492000000.0,108152000.0,110674000,26932000000.0,312685,440,2845,3997,POL,Warsaw,"1,798,000",21,0.2917
Portugal,10467366,5233683,4029936,125608,24000,211700,24700,117,28,0,18,23,10,2,38,0,34,11173,24,82,0,113,0,0,2,0,5,2,20,0,4908900000,402000000000,482851000000,34084000000,136,5174000,10,835,3622,136635,12932,234700,22440000,0.0,4760000000.0,72000000000.0,0.0,10042,40000000.0,92090,1793,1224,764,PRT,Lisbon,"3,001,000",38,0.5609
Qatar,2532104,633026,486164,12661,66550,15000,5500,228,92,6,12,51,0,0,67,24,99,5544,46,12,16,123,0,0,0,0,0,4,20,0,14070000000,170000000000,249636000000,42213000000,6,1977000,3,123,0,7039,1815100,295000,25245000000,167460966000.0,37701809000.0,23860500000000.0,0.0,0,0.0,11586,563,87,0,QAT,Doha,"658,000",63,1.0789
Republic of the Congo,5677493,2100672,1260403,107872,8500,0,2500,14,2,0,4,0,0,0,8,1,32,519,2,35,72,6,0,0,0,0,0,0,0,0,350000000,5000000000,18875000000,735000000,27,2268000,6,11,510,23324,275000,13000,2882000000,1400209000.0,1400209000.0,283989000000.0,0.0,0,0.0,342000,169,5008,1120,COG,Brazzaville,"2,638,000",122,2.7282
Romania,18326327,9529690,7807015,201590,81300,55000,15000,131,14,0,12,42,2,0,67,0,345,9990,0,720,225,20,0,0,0,0,3,7,3,5,8160000000,120000000000,588451000000,51886000000,45,8381000,6,125,10628,84185,75000,222200,600000000,10367941000.0,11087528000.0,105480000000.0,15002000.0,16412000,291000000.0,238391,225,2844,1731,ROU,Bucharest,"1,776,000",47,0.7712
Russia,141698923,69432472,46477247,1275290,1320000,2000000,250000,4255,809,730,453,552,145,19,1547,559,14777,161382,6208,8356,3065,781,1,0,65,14,12,83,122,47,109000000000,500000000000,4078000000000,632242000000,1218,72444000,8,2917,85494,1283387,10750000,3700000,80000000000,701544189000.0,460612169000.0,47805215000000.0,447332000.0,266038000,162166000000.0,17098242,37653,22407,102000,RUS,Moscow,"11,920,000",2,0.0702
Saudi Arabia,35959806,18699099,17188787,611317,257000,0,150000,914,283,81,49,202,15,22,262,34,1485,20694,1236,2017,490,57,0,0,0,0,7,4,39,3,71720000000,205100000000,1594000000000,473890000000,214,16060000,5,413,5410,221372,10815700,3185000,260000000000,113776648000.0,113776648000.0,9422812000000.0,0.0,73000,0.0,2149690,2640,4272,0,SAU,Riyadh,"7,682,000",23,0.3235
Senegal,18384660,6986171,3989471,386078,17000,0,0,39,0,0,3,22,1,0,21,5,0,1104,0,20,6,4,0,0,0,0,0,0,10,0,335000000,10000000000,58991000000,808450000,20,4377000,1,35,906,16665,0,60000,0,60003000.0,60006000.0,0.0,0.0,894000,0.0,196722,531,2684,1000,SEN,Dakar,"3,340,000",130,2.9117
Serbia,6693375,3279754,2590336,80321,25000,2000,600000,112,11,17,2,38,0,0,44,4,262,3954,90,72,82,29,0,0,0,0,0,0,6,4,1500000000,32000000000,135534000000,18617000000,26,3176000,1,0,3333,44248,15200,80000,77500000,455787000.0,2619191000.0,48139000000.0,39673000.0,40830000,7514000000.0,77474,0,2322,587,SRB,Belgrade,"1,408,000",56,0.9038
Sierra Leone,8908040,1959769,1175861,44540,13000,0,0,4,0,0,0,0,0,0,4,2,0,100,0,0,0,10,0,0,0,0,0,0,7,0,242435118,1615000000,13597000000,945908000,8,2858000,3,605,0,11701,0,6000,0,0.0,0.0,0.0,0.0,0,0.0,71740,402,1093,800,SLE,Freetown,"1,309,000",138,3.5433
Singapore,5975383,3883999,2605267,65729,51000,252500,12000,247,100,0,9,36,9,11,87,18,170,8318,48,89,24,43,0,0,7,0,6,6,15,4,13493000000,1557646000000,578254000000,425098000000,9,3290000,1,3227,0,3500,0,1450000,0,0.0,13396282000.0,0.0,0.0,423000,0.0,719,193,0,0,SGP,Singapore,"6,081,000",30,0.4087
Slovakia,5425319,2766913,2294910,59679,19500,0,0,37,0,0,7,7,1,0,22,0,36,2048,35,9,25,0,0,0,0,0,0,0,0,0,2271750000,116000000000,173582000000,9610000000,35,2766000,2,0,3627,56926,4000,85200,9000000,62495000.0,4928199000.0,14158000000.0,2148000.0,5371000,135000000.0,49035,0,1587,172,SVK,Bratislava,"441,000",69,1.1891
Slovenia,2099790,1007899,827317,22888,7300,26000,5000,38,0,0,3,23,0,0,12,0,55,1502,0,18,0,2,0,0,0,0,0,0,2,0,1144225600,50000000000,84400000000,2267000000,16,1036000,1,9,1207,38985,0,55000,0,4899000.0,904439000.0,0.0,3175000.0,3502000,371000000.0,20273,47,1211,710,SVN,Ljubljana,"286,000",91,1.8286
Somalia,12693796,2919573,1751744,126938,15000,0,2000,0,0,0,0,0,0,0,0,0,0,1856,0,0,0,11,0,0,0,0,0,0,11,0,457680000,5300000000,19399000000,15225000,52,3042000,2,4,0,15000,0,6000,0,0.0,0.0,5663000000.0,0.0,0,0.0,637657,3025,2385,0,SOM,Mogadishu,"2,610,000",142,3.9006
South Africa,58048332,26702233,14395986,986822,71235,29350,50000,194,2,0,16,79,6,0,91,12,195,12140,49,104,101,47,0,0,3,0,4,0,31,2,2695346150,180000000000,790625000000,57597000000,407,22398000,6,107,20986,750000,100000,623000,15000000,1229544000.0,4771551000.0,0.0,248388000.0,170308000,9893000000.0,1219090,2798,5244,0,ZAF,Pretoria,"2,818,000",33,0.4632
South Korea,51966948,25983474,21306449,415736,600000,3100000,120000,1576,354,98,41,288,33,4,758,112,2501,66492,3189,4863,581,200,0,2,22,13,17,5,35,14,44700000000,457745000000,2289000000000,463281000000,111,28674000,11,2063,3979,100428,40000,2600000,0,240042000.0,53419105000.0,7079000000.0,16364000.0,140579000,326000000.0,99720,2413,237,1600,KOR,Seoul,"9,988,000",5,0.1416
South Sudan,12118379,6059190,3877881,315078,185000,0,0,16,0,0,1,0,0,0,15,6,55,1920,20,0,10,0,0,0,0,0,0,0,0,0,302828617,2250000000,20010000000,128307400,89,4278000,0,0,248,90200,160000,13000,3750000000,0.0,0.0,0.0,0.0,0,0.0,644329,0,6018,0,SSD,Juba,"459,000",119,2.4376
Spain,47222613,21722402,17614035,330558,133282,15150,78470,513,139,12,54,174,13,0,121,17,327,15046,96,140,0,168,0,1,3,0,11,0,23,6,22000000000,2338853000000,1798000000000,92201000000,135,23382000,12,494,15489,683175,50000,1328000,150000000,57990000.0,32030000000.0,2549000000.0,546000.0,4918000,1187000000.0,505370,4964,1953,1000,ESP,Madrid,"6,751,000",20,0.2882
Sri Lanka,23588613,11322534,9175970,330241,346000,90000,0,86,5,0,15,8,3,0,55,9,182,3708,0,175,32,270,0,0,0,0,5,0,59,0,1292291226,55332000000,296595000000,3137000000,18,8268000,1,92,1562,114093,0,131100,0,0.0,0.0,0.0,0.0,2237000,0.0,65610,1340,0,160,LKA,Colombo,"633,000",75,1.3459
Sudan,49197555,26074704,16677971,1279136,92000,85000,17500,170,45,32,14,15,0,0,64,35,233,3648,75,125,343,12,0,0,0,0,0,0,10,0,300000000,56050000000,168980000000,187967000,67,12921000,1,15,7251,31000,67000,138000,5000000000,0.0,0.0,84950000000.0,0.0,0,0.0,1861484,853,6819,4068,SDN,Khartoum,"6,344,000",76,1.4119
Suriname,639759,140747,83169,3199,2000,0,200,3,0,0,0,0,0,0,3,0,0,650,0,0,0,16,0,0,0,0,0,0,16,0,32835000,2000000000,9052000000,992257000,55,244200,2,10,0,4304,15000,16000,90000000,0.0,0.0,0.0,0.0,0,0.0,163820,386,1907,1200,SUR,Paramaribo,"239,000",143,3.9038
Sweden,10536338,4214535,3540210,105363,24400,32900,25000,212,71,0,6,76,5,1,53,0,120,7958,26,0,0,353,0,0,5,0,0,7,298,8,11349506000,911317000000,574877000000,62053000000,231,5556000,11,368,10910,573134,11000,300000,0,0.0,1275785000.0,0.0,1070000.0,3328000,1000000.0,450295,3218,2211,2052,SWE,Stockholm,"1,700,000",29,0.4009
Switzerland,8563760,3768054,3057262,94201,101584,49715,5000,147,43,0,16,44,3,0,41,0,134,4304,133,0,0,0,0,0,0,0,0,0,0,0,9300000000,2000000000000,618228000000,1110000000000,63,4963000,1,20,5296,71557,300,220000,0,0.0,3616169000.0,0.0,0.0,150000,0.0,41277,0,1770,1292,CHE,Bern,"441,000",43,0.6097
Syria,22933531,14677460,12728110,642139,170000,50000,50000,452,168,57,5,67,2,0,153,27,2720,14550,295,2400,614,47,0,0,0,0,0,0,33,7,1440400000,5000000000,50280000000,455950000,90,6143000,3,22,2052,69873,81000,140000,2500000000,3531077000.0,351077000.0,240693000000.0,0.0,38000,0.0,187437,193,2363,900,SYR,Damascus,"2,585,000",60,1.0026
Taiwan,23588613,12266079,1061488,306652,215000,2310000,55000,750,286,0,19,220,18,0,236,91,1010,19868,300,1120,223,93,0,0,4,4,22,2,43,14,19100000000,190000000000,1143000000000,447850000000,37,11498000,6,450,1613,43206,800,1000000,2400000,150589000.0,22002493000.0,6230000000.0,5955000.0,67985000,1000000.0,35980,1566,0,0,TWN,Taipei,"2,754,000",24,0.3302
Tajikistan,9245937,4253131,3356275,157181,9500,600000,20000,25,0,0,1,4,0,0,20,6,80,4650,35,55,45,0,0,0,0,0,0,0,0,0,96206000,6500000000,38058000000,2499000000,24,2500000,0,0,680,30000,300,26200,12000000,18208000.0,157611000.0,5663000000.0,2103000.0,2160000,375000000.0,144100,0,4130,200,TJK,Dushanbe,"987,000",107,2.1265
Tanzania,65642682,11815683,6498626,590784,27000,80000,6500,39,14,0,6,7,0,0,12,0,21,712,0,0,0,12,0,0,0,0,0,0,10,0,1870000000,22054000000,159326000000,5175500000,166,29863000,2,322,4097,145203,0,53000,0,1378773000.0,1378773000.0,6513000000.0,712000.0,577000,269000000.0,947300,1424,4161,0,TZA,Dar es Salaam,"7,776,000",103,2.0587
Thailand,69794997,36293398,27917999,1116720,360850,200000,25000,501,73,18,50,154,20,0,231,7,648,14040,50,589,26,293,0,1,0,0,7,6,49,5,7700000000,170000000000,1223000000000,246025000000,101,40213000,5,829,4127,180053,440000,1285000,252800000,38420517000.0,54802466000.0,138243000000.0,13251000.0,35761000,1063000000.0,513120,3219,5673,4000,THA,Bangkok,"11,070,000",25,0.3389
Tunisia,11976182,5988091,5149758,203595,89800,0,12000,155,10,0,10,34,0,0,101,0,140,6400,48,60,0,52,0,0,0,0,0,0,36,0,1260630000,36000000000,127509000000,8846000000,29,4226000,5,70,2173,20000,45000,110000,425000000,1025974000.0,5279951000.0,65129000000.0,0.0,5000,0.0,163610,1148,1495,0,TUN,Tunis,"2,475,000",74,1.2881
Turkey,83593483,42716270,35861604,1421089,355200,378700,150000,1069,205,0,83,275,22,7,502,111,2231,55104,1038,1747,286,186,0,0,12,0,16,9,34,11,40000000000,455000000000,2668000000000,109535000000,98,32554000,10,1237,11497,67333,70500,990000,366000000,469464000.0,44605473000.0,3794000000.0,78871000.0,108271000,11525000000.0,783562,7200,2816,1200,TUR,Ankara,"5,397,000",8,0.1697
Turkmenistan,5690818,2742974,2225110,108126,36500,0,3500,90,24,28,5,7,0,0,26,10,680,8312,73,457,160,44,0,0,0,0,0,3,31,0,859370000,540000000,92331000000,24980000000,26,1998000,1,72,5113,58592,235300,155000,600000000,83622908000.0,45398541000.0,11326720000000.0,0.0,0,0.0,488100,1768,4158,1300,TKM,Ashgabat,"902,000",83,1.4906
Uganda,47729952,16228184,9593720,954599,45000,0,10000,55,11,0,2,16,0,0,26,6,130,3162,6,26,12,0,0,0,0,0,0,0,0,0,891660000,14000000000,103007000000,3654000000,47,16995000,3,0,1244,20544,0,41000,2500000000,0.0,0.0,14158000000.0,0.0,0,0.0,241038,0,2729,0,UGA,Kampala,"3,846,000",114,2.2405
Ukraine,43306477,22086303,15460412,476371,900000,1200000,100000,321,72,30,24,73,3,0,130,33,1777,22110,1205,1012,491,104,0,0,0,0,0,0,33,3,42000000000,120000000000,379893000000,30697000000,187,20463000,6,410,21733,169694,60000,250000,395000000,19511040000.0,26413486000.0,1104355000000.0,23908000.0,41181000,34375000000.0,603550,2782,5581,1672,UKR,Kyiv,"2,884,000",18,0.2598
United Arab Emirates,9973449,5784600,4916910,79788,65000,130000,12000,560,99,18,37,157,25,3,246,30,354,12253,183,99,162,79,0,0,0,0,0,9,38,2,15500000000,240000000000,653067000000,131117000000,43,6074000,8,636,0,4080,3770000,865000,100000000000,62889064000.0,73750936000.0,6090887000000.0,0.0,2563000,0.0,83600,1318,1066,0,ARE,Abu Dhabi,"1,567,000",51,0.8083
United Kingdom,68138484,31343703,25074962,749523,184860,924000,0,664,120,29,31,219,26,9,276,52,213,27203,71,126,41,117,2,0,10,6,11,0,26,9,62816382000,8721590000000,3136000000000,194181000000,460,34637000,16,1174,16390,394428,890500,1580000,2500000000,32482541000.0,75969895000.0,180661000000.0,2892000.0,9401000,26000000.0,243610,12429,443,3200,GBR,London,"9,648,000",6,0.1443
United States,339665118,149452652,123977768,4415647,1328000,799500,0,13209,1854,896,957,2648,695,606,5737,1000,4657,360069,1595,1267,694,472,11,9,64,75,0,23,5,8,831781000000,20275951000000,21132000000000,716152000000,13513,164797000,35,1815,293564,6586610,18000000,20555000,50000000000,967144362000.0,857542658000.0,13178780000000.0,495130000.0,441968000,228662000000.0,9826675,19924,12002,41009,USA,"Washington, D.C.","5,434,000",1,0.0699
Uruguay,3416264,1571481,1318678,54660,25000,0,5000,43,0,7,5,11,5,0,12,0,39,3993,6,71,4,11,0,0,0,0,0,0,1,2,593200000,45000000000,78121000000,16963000000,133,1702000,1,60,1673,77732,400,50500,0,0.0,96872000.0,0.0,0.0,0,0.0,176215,660,1591,1600,URY,Montevideo,"1,774,000",96,1.9695
Uzbekistan,31360836,16307635,13704685,627217,48000,0,20000,191,58,13,13,7,0,0,100,33,270,5526,83,0,143,0,0,0,0,0,0,0,0,0,796398000,17000000000,270062000000,35375000000,53,14094000,1,0,4642,86496,5500,100000,600000000,46968227000.0,43882007000.0,1840592000000.0,3980000.0,5668000,1375000000.0,447400,420,6893,1100,UZB,Tashkent,"2,603,000",65,1.1069
Venezuela,30518260,15259130,12512487,610365,109000,8000,220000,242,40,0,49,76,3,1,75,10,180,14966,60,104,36,32,0,0,2,0,0,0,29,0,24120000000,100300000000,269068000000,10397000000,444,10245000,5,272,447,96189,605000,470500,303806000000,22694584000.0,22694584000.0,5673894000000.0,396000.0,33000,731000000.0,912050,2800,5267,7100,VEN,Caracas,"2,972,000",57,0.9447
Vietnam,104799174,54495570,44644448,1781586,600000,5000000,250000,226,41,33,9,41,3,0,99,0,2029,18578,180,700,450,97,0,0,6,0,9,14,54,8,7900000000,100000000000,1036000000000,109371000000,45,56203000,8,1975,2600,195468,200000,500000,4400000000,8438095000.0,8438095000.0,699425000000.0,47789000.0,80568000,3360000000.0,331210,3444,4616,47130,VNM,Hanoi,"5,253,000",22,0.3158
Yemen,31585062,12002529,8875554,600126,66700,0,20000,177,53,23,8,30,2,0,61,14,55,4800,0,26,13,38,0,0,0,0,0,2,23,6,1080500000,7000000000,73630000000,595723500,57,7299000,3,30,0,71300,70200,76000,3000000000,89906000.0,89906000.0,478554000000.0,0.0,22000,0.0,527968,1906,1601,0,YEM,Sanaa,"3,292,000",81,1.4692
Zambia,20216029,7075610,4022990,363889,15150,0,1200,99,8,0,13,50,0,0,28,0,38,506,6,40,35,0,0,0,0,0,0,0,0,0,262765450,12000000000,63030000000,2754000000,88,8113000,1,2,3126,67671,0,25500,0,0.0,0.0,0.0,1116000.0,1176000,45000000.0,752618,0,6043,0,ZMB,Lusaka,"3,181,000",97,1.9851
Zimbabwe,15418674,5859096,3345852,323792,29000,0,21800,90,10,0,14,38,0,0,28,6,20,2412,0,0,0,0,0,0,0,0,0,0,0,0,141850000,10000000000,33829000000,838780000,196,7916000,2,0,3427,97267,800,27500,0,0.0,0.0,0.0,3888000.0,3579000,502000000.0,390757,0,3229,0,ZWE,Harare,"1,578,000",101,2.0352
